Loss Type,Total Loss (kWh),Average Loss (kWh),Percentage of Total
Cloud Cover,74.35454786311749,0.017022561323973784,0.4705711744133679
Shading,15686.086755915276,3.591137077819431,99.2732856135418
Temperature,0.1203115595179412,2.7543855200993864e-05,0.0007614215066183535
Soiling,25.41762214627051,0.0058190526891644945,0.16086171791650053
Other Losses,14.935035645856795,0.0034191931423664824,0.0945200726217109
